<?xml version="1.0" encoding="UTF-8"?>
<jcr:root xmlns:sling="http://sling.apache.org/jcr/sling/1.0" xmlns:cq="http://www.day.com/jcr/cq/1.0" xmlns:jcr="http://www.jcp.org/jcr/1.0" xmlns:nt="http://www.jcp.org/jcr/nt/1.0"
    jcr:primaryType="nt:unstructured"
    jcr:title="Hero Banner"
    sling:resourceType="cq/gui/components/authoring/dialog"
    extraClientlibs="[showhidetab.clientlibs]">
    <content
        jcr:primaryType="nt:unstructured"
        sling:resourceType="granite/ui/components/foundation/container">
        <layout
            jcr:primaryType="nt:unstructured"
            sling:resourceType="granite/ui/components/foundation/layouts/tabs"
            type="nav"/>
        <items jcr:primaryType="nt:unstructured">
            <basic
                jcr:primaryType="nt:unstructured"
                jcr:title="Basic"
                sling:resourceType="granite/ui/components/foundation/section">
                <layout
                    jcr:primaryType="nt:unstructured"
                    sling:resourceType="granite/ui/components/foundation/layouts/fixedcolumns"/>
                <items jcr:primaryType="nt:unstructured">
                    <column
                        jcr:primaryType="nt:unstructured"
                        sling:resourceType="granite/ui/components/foundation/container">
                        <items jcr:primaryType="nt:unstructured">
                            <type
                                jcr:primaryType="nt:unstructured"
                                sling:resourceType="granite/ui/components/foundation/form/select"
                                class="cq-dialog-tab-showhide"
                                cq-dialog-tab-showhide-target=".image-video-tab-showhide-target"
                                fieldLabel="Type of Hero Banner"
                                name="./type">
                                <items jcr:primaryType="cq:WidgetCollection">
                                    <image
                                        jcr:primaryType="nt:unstructured"
                                        text="Image"
                                        value="image1"/>
                                    <video
                                        jcr:primaryType="nt:unstructured"
                                        text="Video"
                                        value="video"/>
                                </items>
                            </type>
                            <option
                                jcr:primaryType="nt:unstructured"
                                sling:resourceType="granite/ui/components/foundation/form/select"
                                class="cq-dialog-dropdown-showhide"
                                cq-dialog-dropdown-showhide-target=".title-url-hide-show"
                                fieldLabel="Type of Hero Banner"
                                name="./option">
                                <items jcr:primaryType="cq:WidgetCollection">
                                    <title
                                        jcr:primaryType="nt:unstructured"
                                        text="Title"
                                        value="title"/>
                                    <url
                                        jcr:primaryType="nt:unstructured"
                                        text="URL"
                                        value="url"/>
                                </items>
                            </option>
                            <title
                                jcr:primaryType="nt:unstructured"
                                sling:resourceType="granite/ui/components/foundation/container"
                                class="hide title-url-hide-show"
                                showhidetargetvalue="title">
                                <items jcr:primaryType="nt:unstructured">
                                    <well
                                        jcr:primaryType="nt:unstructured"
                                        sling:resourceType="granite/ui/components/foundation/container">
                                        <layout
                                            jcr:primaryType="nt:unstructured"
                                            sling:resourceType="granite/ui/components/foundation/layouts/well"/>
                                        <items jcr:primaryType="nt:unstructured">
                                            <label
                                                jcr:primaryType="nt:unstructured"
                                                sling:resourceType="granite/ui/components/coral/foundation/form/textfield"
                                                fieldLabel="Button label"
                                                name="./label"/>
                                        </items>
                                    </well>
                                </items>
                            </title>
                            <url
                                jcr:primaryType="nt:unstructured"
                                sling:resourceType="granite/ui/components/foundation/container"
                                class="hide title-url-hide-show"
                                showhidetargetvalue="url">
                                <items jcr:primaryType="nt:unstructured">
                                    <well
                                        jcr:primaryType="nt:unstructured"
                                        sling:resourceType="granite/ui/components/foundation/container">
                                        <layout
                                            jcr:primaryType="nt:unstructured"
                                            sling:resourceType="granite/ui/components/foundation/layouts/well"/>
                                        <items jcr:primaryType="nt:unstructured">
                                            <linkTo
                                                jcr:primaryType="nt:unstructured"
                                                sling:resourceType="granite/ui/components/coral/foundation/form/pathfield"
                                                fieldLabel="Link to"
                                                name="./linkTo"
                                                rootPath="/content"
                                                suffix=".html"/>
                                        </items>
                                    </well>
                                </items>
                            </url>
                        </items>
                    </column>
                </items>
            </basic>
            <image
                jcr:primaryType="nt:unstructured"
                jcr:title="Image"
                sling:resourceType="granite/ui/components/foundation/section">
                <layout
                    jcr:primaryType="nt:unstructured"
                    sling:resourceType="granite/ui/components/foundation/layouts/fixedcolumns"/>
                <items jcr:primaryType="nt:unstructured">
                    <column
                        jcr:primaryType="nt:unstructured"
                        sling:resourceType="granite/ui/components/foundation/container">
                        <items jcr:primaryType="nt:unstructured">
                            <image
                                jcr:primaryType="nt:unstructured"
                                sling:resourceType="granite/ui/components/foundation/form/fileupload"
                                allowUpload="{Boolean}false"
                                autoStart="{Boolean}false"
                                class="cq-droptargets"
                                fieldLabel="Banner Image/Video Thumbnail for Mobile *"
                                fileNameParameter="./fileName"
                                fileReferenceParameter="./fileReference"
                                mimeTypes="[image]"
                                multiple="{Boolean}false"
                                name="./file"
                                title="Upload Image Asset"
                                uploadUrl="${suffix.path}"
                                useHTML5="{Boolean}true"/>
                        </items>
                    </column>
                </items>
                <layoutConfig
                    jcr:primaryType="nt:unstructured"
                    class="hide image-video-tab-showhide-target image1"/>
            </image>
            <video
                jcr:primaryType="nt:unstructured"
                jcr:title="Video"
                sling:resourceType="granite/ui/components/foundation/section">
                <layout
                    jcr:primaryType="nt:unstructured"
                    sling:resourceType="granite/ui/components/foundation/layouts/fixedcolumns"/>
                <items jcr:primaryType="nt:unstructured">
                    <column
                        jcr:primaryType="nt:unstructured"
                        sling:resourceType="granite/ui/components/foundation/container">
                        <items jcr:primaryType="nt:unstructured">
                            <video
                                jcr:primaryType="nt:unstructured"
                                sling:resourceType="granite/ui/components/foundation/container"
                                showhidetargetvalue="video">
                                <items jcr:primaryType="nt:unstructured">
                                    <video-url
                                        jcr:primaryType="nt:unstructured"
                                        sling:resourceType="granite/ui/components/coral/foundation/form/pathbrowser"
                                        fieldLabel="Video URL"
                                        name="./video"
                                        rootPath="/content/dam"/>
                                </items>
                            </video>
                        </items>
                    </column>
                </items>
                <layoutConfig
                    jcr:primaryType="nt:unstructured"
                    class="hide image-video-tab-showhide-target video"/>
            </video>
        </items>
    </content>
</jcr:root>
